{"stat.useItem.383":10,"stat.flyOneCm":16340,"stat.killEntity.Skeleton":1,"stat.deaths":1,"stat.walkOneCm":29676,"stat.drop":2,"stat.jump":43,"stat.swimOneCm":448,"stat.playOneMinute":22294,"achievement.openInventory":23,"stat.fallOneCm":902,"stat.entityKilledBy.Zombie":1,"stat.killEntity.Sheep":9,"stat.damageTaken":1690,"stat.damageDealt":1050,"stat.mineBlock.3":4,"stat.mobKills":10,"achievement.exploreAllBiomes":{"value":0,"progress":["Sunflower Plains","Plains"]},"stat.diveOneCm":537,"stat.mineBlock.31":2}