{"stat.useItem.276":28,"stat.killEntity.Skeleton":2,"stat.walkOneCm":27399,"achievement.openInventory":26,"stat.damageTaken":180,"stat.killEntity.Spider":2,"stat.mobKills":19,"stat.killEntity.Creeper":2,"stat.useItem.383":5,"stat.flyOneCm":14090,"stat.drop":2,"stat.useItem.145":1,"stat.jump":32,"stat.playOneMinute":26659,"stat.fallOneCm":422,"stat.killEntity.Sheep":5,"stat.damageDealt":4095,"stat.killEntity.Zombie":6,"stat.killEntity.Cow":1,"stat.killEntity.Pig":1,"achievement.exploreAllBiomes":{"value":0,"progress":["Sunflower Plains","Plains"]},"stat.mineBlock.31":2}