{"stat.killEntity.Skeleton":2,"stat.flyOneCm":107711,"stat.useItem.276":4,"stat.walkOneCm":13008,"stat.useItem.145":2,"stat.drop":1,"stat.jump":31,"stat.playOneMinute":50745,"stat.killEntity.Witch":2,"achievement.openInventory":23,"stat.killEntity.Sheep":2,"stat.killEntity.Chicken":2,"stat.killEntity.Spider":2,"stat.damageDealt":4647,"stat.killEntity.Zombie":3,"stat.killEntity.Cow":11,"stat.mobKills":29,"stat.killEntity.Pig":2,"achievement.exploreAllBiomes":{"value":0,"progress":["Sunflower Plains","Beach","Forest","River","Ocean","Plains"]},"stat.killEntity.Creeper":3,"stat.mineBlock.12":1}