{"stat.flyOneCm":8531,"stat.useItem.276":28,"stat.killEntity.Skeleton":2,"stat.walkOneCm":17466,"stat.drop":2,"stat.useItem.145":1,"stat.jump":23,"stat.playOneMinute":4357,"achievement.openInventory":12,"stat.fallOneCm":422,"stat.damageTaken":80,"stat.killEntity.Spider":2,"stat.damageDealt":3695,"stat.killEntity.Zombie":6,"stat.killEntity.Cow":1,"stat.mobKills":14,"stat.killEntity.Pig":1,"achievement.exploreAllBiomes":{"value":0,"progress":["Sunflower Plains","Plains"]},"stat.killEntity.Creeper":2,"stat.mineBlock.31":2}