{"stat.flyOneCm":99155,"stat.useItem.276":73,"stat.killEntity.Skeleton":4,"stat.deaths":1,"stat.walkOneCm":79604,"stat.killEntity.PigZombie":11,"stat.drop":25,"stat.jump":279,"stat.playOneMinute":105668,"stat.fallOneCm":8831,"achievement.openInventory":35,"stat.useItem.259":1,"stat.damageTaken":7970,"stat.killEntity.Spider":3,"stat.entityKilledBy.PigZombie":1,"stat.damageDealt":10129,"stat.killEntity.Zombie":7,"stat.killEntity.Cow":15,"stat.mobKills":43,"stat.killEntity.Pig":3,"achievement.exploreAllBiomes":{"value":0,"progress":["Sunflower Plains","Beach","ForestHills","Plains","Hell"]},"stat.useItem.49":15}